{
	"settings": {
		"name": "FullNetwork",
		"weightDecay": 9.999999747378752E-6,
		"stepWeights": 0.032999999821186066,
		"stepBiases": 0.0032999999821186066,
		"lossFunction": "MSE",
		"size": [
			2.0,
			16.0,
			16.0,
			2.0
		]
	},
	"activators": [
		"Tanh",
		"ReLU",
		"Tanh"
	],
	"weights": [
		0.38418078422546387,
		0.38418078422546387,
		0.38418078422546387,
		0.38418078422546387,
		0.38418078422546387,
		0.38418078422546387,
		0.38418078422546387,
		0.38418078422546387,
		0.38418078422546387,
		0.38418078422546387,
		0.38418078422546387,
		0.38418078422546387,
		0.38418078422546387,
		0.38418078422546387,
		0.38418078422546387,
		0.38418078422546387,
		0.38418078422546387,
		0.38418078422546387,
		0.38418078422546387,
		0.38418078422546387,
		0.38418078422546387,
		0.38418078422546387,
		0.38418078422546387,
		0.38418078422546387,
		0.38418078422546387,
		0.38418078422546387,
		0.38418078422546387,
		0.38418078422546387,
		0.38418078422546387,
		0.38418078422546387,
		0.38418078422546387,
		0.38418078422546387,
		0.3836614191532135,
		0.38366132974624634,
		0.3836614191532135,
		0.3836614191532135,
		0.3836614191532135,
		0.3836614191532135,
		0.3836614191532135,
		0.3836614191532135,
		0.3836614191532135,
		0.3836614191532135,
		0.3836614191532135,
		0.3836614191532135,
		0.38366082310676575,
		0.3836614191532135,
		0.3836614191532135,
		0.38365983963012695,
		0.38431549072265625,
		0.3843159079551697,
		0.38431549072265625,
		0.38431549072265625,
		0.38431549072265625,
		0.38431549072265625,
		0.38431549072265625,
		0.38431549072265625,
		0.38431549072265625,
		0.38431549072265625,
		0.38431549072265625,
		0.38431549072265625,
		0.38432127237319946,
		0.38431549072265625,
		0.38431549072265625,
		0.3843249976634979,
		0.38416385650634766,
		0.38416406512260437,
		0.38416385650634766,
		0.38416385650634766,
		0.38416385650634766,
		0.38416385650634766,
		0.38416385650634766,
		0.38416385650634766,
		0.38416385650634766,
		0.38416385650634766,
		0.38416385650634766,
		0.38416385650634766,
		0.3841676115989685,
		0.38416385650634766,
		0.38416385650634766,
		0.3841705918312073,
		0.3836708962917328,
		0.3836708664894104,
		0.3836708962917328,
		0.3836708962917328,
		0.3836708962917328,
		0.3836708962917328,
		0.3836708962917328,
		0.3836708962917328,
		0.3836708962917328,
		0.3836708962917328,
		0.3836708962917328,
		0.3836708962917328,
		0.38367030024528503,
		0.3836708962917328,
		0.3836708962917328,
		0.3836694061756134,
		0.3842127025127411,
		0.3842129409313202,
		0.3842127025127411,
		0.3842127025127411,
		0.3842127025127411,
		0.3842127025127411,
		0.3842127025127411,
		0.3842127025127411,
		0.3842127025127411,
		0.3842127025127411,
		0.3842127025127411,
		0.3842127025127411,
		0.3842169940471649,
		0.3842127025127411,
		0.3842127025127411,
		0.38422030210494995,
		0.38384997844696045,
		0.3838500380516052,
		0.38384997844696045,
		0.38384997844696045,
		0.38384997844696045,
		0.38384997844696045,
		0.38384997844696045,
		0.38384997844696045,
		0.38384997844696045,
		0.38384997844696045,
		0.38384997844696045,
		0.38384997844696045,
		0.3838505148887634,
		0.38384997844696045,
		0.38384997844696045,
		0.3838511109352112,
		0.3840245008468628,
		0.38402459025382996,
		0.3840245008468628,
		0.3840245008468628,
		0.3840245008468628,
		0.3840245008468628,
		0.3840245008468628,
		0.3840245008468628,
		0.3840245008468628,
		0.3840245008468628,
		0.3840245008468628,
		0.3840245008468628,
		0.3840267062187195,
		0.3840245008468628,
		0.3840245008468628,
		0.38402867317199707,
		0.3838002383708954,
		0.3838002681732178,
		0.3838002383708954,
		0.3838002383708954,
		0.3838002383708954,
		0.3838002383708954,
		0.3838002383708954,
		0.3838002383708954,
		0.3838002383708954,
		0.3838002383708954,
		0.3838002383708954,
		0.3838002383708954,
		0.3838004171848297,
		0.3838002383708954,
		0.3838002383708954,
		0.3838005065917969,
		0.3841971158981323,
		0.38419732451438904,
		0.3841971158981323,
		0.3841971158981323,
		0.3841971158981323,
		0.3841971158981323,
		0.3841971158981323,
		0.3841971158981323,
		0.3841971158981323,
		0.3841971158981323,
		0.3841971158981323,
		0.3841971158981323,
		0.38420116901397705,
		0.3841971158981323,
		0.3841971158981323,
		0.3842044174671173,
		0.3840315043926239,
		0.38403165340423584,
		0.3840315043926239,
		0.3840315043926239,
		0.3840315043926239,
		0.3840315043926239,
		0.3840315043926239,
		0.3840315043926239,
		0.3840315043926239,
		0.3840315043926239,
		0.3840315043926239,
		0.3840315043926239,
		0.38403382897377014,
		0.3840315043926239,
		0.3840315043926239,
		0.38403579592704773,
		0.3829286992549896,
		0.3829272389411926,
		0.3829286992549896,
		0.3829286992549896,
		0.3829286992549896,
		0.3829286992549896,
		0.3829286992549896,
		0.3829286992549896,
		0.3829286992549896,
		0.3829286992549896,
		0.3829286992549896,
		0.3829286992549896,
		0.38292086124420166,
		0.3829286992549896,
		0.3829286992549896,
		0.3829147219657898,
		0.38359037041664124,
		0.3835902810096741,
		0.38359037041664124,
		0.38359037041664124,
		0.38359037041664124,
		0.38359037041664124,
		0.38359037041664124,
		0.38359037041664124,
		0.38359037041664124,
		0.38359037041664124,
		0.38359037041664124,
		0.38359037041664124,
		0.38358888030052185,
		0.38359037041664124,
		0.38359037041664124,
		0.38358747959136963,
		0.38457122445106506,
		0.38457271456718445,
		0.38457122445106506,
		0.38457122445106506,
		0.38457122445106506,
		0.38457122445106506,
		0.38457122445106506,
		0.38457122445106506,
		0.38457122445106506,
		0.38457122445106506,
		0.38457122445106506,
		0.38457122445106506,
		0.3845788240432739,
		0.38457122445106506,
		0.38457122445106506,
		0.38458457589149475,
		0.38370034098625183,
		0.38370031118392944,
		0.38370034098625183,
		0.38370034098625183,
		0.38370034098625183,
		0.38370034098625183,
		0.38370034098625183,
		0.38370034098625183,
		0.38370034098625183,
		0.38370034098625183,
		0.38370034098625183,
		0.38370034098625183,
		0.38370004296302795,
		0.38370034098625183,
		0.38370034098625183,
		0.3836994767189026,
		0.38414496183395386,
		0.3841451406478882,
		0.38414496183395386,
		0.38414496183395386,
		0.38414496183395386,
		0.38414496183395386,
		0.38414496183395386,
		0.38414496183395386,
		0.38414496183395386,
		0.38414496183395386,
		0.38414496183395386,
		0.38414496183395386,
		0.3841485381126404,
		0.38414496183395386,
		0.38414496183395386,
		0.38415127992630005,
		0.38474389910697937,
		0.38474565744400024,
		0.38474389910697937,
		0.38474389910697937,
		0.38474389910697937,
		0.38474389910697937,
		0.38474389910697937,
		0.38474389910697937,
		0.38474389910697937,
		0.38474389910697937,
		0.38474389910697937,
		0.38474389910697937,
		0.3847528398036957,
		0.38474389910697937,
		0.38474389910697937,
		0.3847598731517792,
		0.38418078422546387,
		0.38418078422546387,
		0.38528528809547424,
		0.3831673264503479,
		0.38418078422546387,
		0.38418078422546387,
		0.38418078422546387,
		0.38418078422546387,
		0.38418078422546387,
		0.38418078422546387,
		0.38418078422546387,
		0.38418078422546387,
		0.38418078422546387,
		0.38418078422546387,
		0.38418078422546387,
		0.38418078422546387,
		0.38418078422546387,
		0.38418078422546387,
		0.38418078422546387,
		0.38418078422546387,
		0.38418078422546387,
		0.38418078422546387,
		0.38418078422546387,
		0.38418078422546387,
		0.3899747431278229,
		0.3798966109752655,
		0.38418078422546387,
		0.38418078422546387,
		0.38418078422546387,
		0.38418078422546387,
		0.3940359652042389,
		0.37777671217918396
	],